params,val_loss
"(512, 2048, 64, 1, 8193, 2, 0.1, 1e-05)",3.7806761314471564
"(512, 2048, 64, 1, 8193, 2, 0.1, 1e-05)",4.6102036734422045
"(512, 2048, 64, 1, 8193, 2, 0.1, 1e-05)",4.886520028114319
"(512, 2048, 64, 1, 8193, 2, 0.1, 1e-05)",4.834341595570247
"(512, 2048, 64, 1, 8193, 2, 0.1, 1e-05)",4.836952477693558
"(512, 2048, 64, 1, 8193, 2, 0.1, 1e-05)",4.83327329158783
"(512, 2048, 64, 1, 8193, 2, 0.1, 1e-05)",4.832491507132848
"(512, 2048, 64, 1, 8193, 2, 0.1, 1e-05)",4.83219413459301
"(512, 2048, 64, 1, 8193, 2, 0.1, 1e-05)",4.853228539228439
"(512, 2048, 64, 1, 8193, 2, 0.1, 1e-05)",4.830542474985123
"(512, 2048, 64, 1, 8193, 2, 0.1, 0.0001)",4.852153306206067
"(512, 2048, 64, 1, 8193, 2, 0.1, 0.0001)",4.833044717709224
"(512, 2048, 64, 1, 8193, 2, 0.1, 0.0001)",33.57349809010824
"(512, 2048, 64, 1, 8193, 2, 0.1, 0.0001)",21.087899883588154
"(512, 2048, 64, 1, 8193, 2, 0.1, 0.0001)",19.230161150296528
"(512, 2048, 64, 1, 8193, 2, 0.1, 0.0001)",5.098508407672246
"(512, 2048, 64, 1, 8193, 2, 0.1, 0.0001)",5.16974691549937
"(512, 2048, 64, 1, 8193, 2, 0.1, 0.0001)",4.853530307610829
"(512, 2048, 64, 1, 8193, 2, 0.1, 0.0001)",5.034560720125834
"(512, 2048, 64, 1, 8193, 2, 0.1, 0.0001)",5.680990392963092
"(512, 2048, 64, 1, 8193, 4, 0.1, 1e-05)",4.322934577862422
"(512, 2048, 64, 1, 8193, 4, 0.1, 1e-05)",3.6993027379115424
"(512, 2048, 64, 1, 8193, 4, 0.1, 1e-05)",4.816220045089722
"(512, 2048, 64, 1, 8193, 4, 0.1, 1e-05)",4.821903586387634
"(512, 2048, 64, 1, 8193, 4, 0.1, 1e-05)",4.827425921956698
"(512, 2048, 64, 1, 8193, 4, 0.1, 1e-05)",4.822733481725057
"(512, 2048, 64, 1, 8193, 4, 0.1, 1e-05)",4.820969939231873
"(512, 2048, 64, 1, 8193, 4, 0.1, 1e-05)",4.821699420611064
"(512, 2048, 64, 1, 8193, 4, 0.1, 1e-05)",4.821913460890452
"(512, 2048, 64, 1, 8193, 4, 0.1, 1e-05)",4.821970408161481
"(512, 2048, 64, 1, 8193, 4, 0.1, 0.0001)",4.827721099058787
"(512, 2048, 64, 1, 8193, 4, 0.1, 0.0001)",4.823645104964574
"(512, 2048, 64, 1, 8193, 4, 0.1, 0.0001)",4.82311608393987
"(512, 2048, 64, 1, 8193, 4, 0.1, 0.0001)",4.821308160821597
"(512, 2048, 64, 1, 8193, 4, 0.1, 0.0001)",4.82061904668808
"(512, 2048, 64, 1, 8193, 4, 0.1, 0.0001)",4.820076202352841
"(512, 2048, 64, 1, 8193, 4, 0.1, 0.0001)",4.819743067026138
"(512, 2048, 64, 1, 8193, 4, 0.1, 0.0001)",4.819776823123296
"(512, 2048, 64, 1, 8193, 4, 0.1, 0.0001)",4.819949646790822
"(512, 2048, 64, 1, 8193, 4, 0.1, 0.0001)",4.8204792986313505
"(512, 2048, 64, 2, 8193, 2, 0.1, 1e-05)",3.9615029642979303
"(512, 2048, 64, 2, 8193, 2, 0.1, 1e-05)",3.7199521561463675
"(512, 2048, 64, 2, 8193, 2, 0.1, 1e-05)",3.2858435908953347
"(512, 2048, 64, 2, 8193, 2, 0.1, 1e-05)",4.884550253550212
"(512, 2048, 64, 2, 8193, 2, 0.1, 1e-05)",4.8415587941805525
"(512, 2048, 64, 2, 8193, 2, 0.1, 1e-05)",4.841641416152318
"(512, 2048, 64, 2, 8193, 2, 0.1, 1e-05)",4.8394520084063215
"(512, 2048, 64, 2, 8193, 2, 0.1, 1e-05)",4.838526949286461
"(512, 2048, 64, 2, 8193, 2, 0.1, 1e-05)",4.838558653990428
"(512, 2048, 64, 2, 8193, 2, 0.1, 1e-05)",4.837435667713483
"(512, 2048, 64, 2, 8193, 2, 0.1, 0.0001)",4.827278032898903
"(512, 2048, 64, 2, 8193, 2, 0.1, 0.0001)",10.35722013314565
"(512, 2048, 64, 2, 8193, 2, 0.1, 0.0001)",42.70842949549357
"(512, 2048, 64, 2, 8193, 2, 0.1, 0.0001)",9.38307116429011
"(512, 2048, 64, 2, 8193, 2, 0.1, 0.0001)",7.737886826197307
"(512, 2048, 64, 2, 8193, 2, 0.1, 0.0001)",5.408960958321889
"(512, 2048, 64, 2, 8193, 2, 0.1, 0.0001)",19.209225833415985
"(512, 2048, 64, 2, 8193, 2, 0.1, 0.0001)",4.8365763773520785
"(512, 2048, 64, 2, 8193, 2, 0.1, 0.0001)",4.8308068712552386
"(512, 2048, 64, 2, 8193, 2, 0.1, 0.0001)",4.8277585705121355
"(512, 2048, 64, 2, 8193, 4, 0.1, 1e-05)",3.7613448798656464
"(512, 2048, 64, 2, 8193, 4, 0.1, 1e-05)",4.635579138994217
"(512, 2048, 64, 2, 8193, 4, 0.1, 1e-05)",4.491586059331894
"(512, 2048, 64, 2, 8193, 4, 0.1, 1e-05)",4.764409273862839
"(512, 2048, 64, 2, 8193, 4, 0.1, 1e-05)",4.834191044171651
"(512, 2048, 64, 2, 8193, 4, 0.1, 1e-05)",4.834633722901344
"(512, 2048, 64, 2, 8193, 4, 0.1, 1e-05)",4.834246565898259
"(512, 2048, 64, 2, 8193, 4, 0.1, 1e-05)",4.835964217782021
"(512, 2048, 64, 2, 8193, 4, 0.1, 1e-05)",4.835600207249324
"(512, 2048, 64, 2, 8193, 4, 0.1, 1e-05)",4.83512822786967
"(512, 2048, 64, 2, 8193, 4, 0.1, 0.0001)",4.9062394599119825
"(512, 2048, 64, 2, 8193, 4, 0.1, 0.0001)",4.830350091060002
"(512, 2048, 64, 2, 8193, 4, 0.1, 0.0001)",4.8249704241752625
"(512, 2048, 64, 2, 8193, 4, 0.1, 0.0001)",6.2649626433849335
"(512, 2048, 64, 2, 8193, 4, 0.1, 0.0001)",21.429053862889607
"(512, 2048, 64, 2, 8193, 4, 0.1, 0.0001)",5.435294131437938
"(512, 2048, 64, 2, 8193, 4, 0.1, 0.0001)",4.829728320240974
"(512, 2048, 64, 2, 8193, 4, 0.1, 0.0001)",4.8522935310999555
"(512, 2048, 64, 2, 8193, 4, 0.1, 0.0001)",4.871606628100078
"(512, 2048, 64, 2, 8193, 4, 0.1, 0.0001)",4.999661366144816
"(512, 2048, 128, 1, 8193, 2, 0.1, 1e-05)",3.588524808486303
"(512, 2048, 128, 1, 8193, 2, 0.1, 1e-05)",4.589936435222626
"(512, 2048, 128, 1, 8193, 2, 0.1, 1e-05)",4.168603797753652
"(512, 2048, 128, 1, 8193, 2, 0.1, 1e-05)",3.7911489407221475
"(512, 2048, 128, 1, 8193, 2, 0.1, 1e-05)",3.5123202204704285
"(512, 2048, 128, 1, 8193, 2, 0.1, 1e-05)",3.0941621561845145
"(512, 2048, 128, 1, 8193, 2, 0.1, 1e-05)",3.224316174785296
"(512, 2048, 128, 1, 8193, 2, 0.1, 1e-05)",2.9001059234142303
"(512, 2048, 128, 1, 8193, 2, 0.1, 1e-05)",5.502672026554744
"(512, 2048, 128, 1, 8193, 2, 0.1, 1e-05)",4.855335712432861
"(512, 2048, 128, 1, 8193, 2, 0.1, 0.0001)",4.8215009073416395
"(512, 2048, 128, 1, 8193, 2, 0.1, 0.0001)",4.827333763241768
"(512, 2048, 128, 1, 8193, 2, 0.1, 0.0001)",4.819706171751022
"(512, 2048, 128, 1, 8193, 2, 0.1, 0.0001)",4.818944871425629
"(512, 2048, 128, 1, 8193, 2, 0.1, 0.0001)",4.817660674452782
"(512, 2048, 128, 1, 8193, 2, 0.1, 0.0001)",4.950232694546382
"(512, 2048, 128, 1, 8193, 2, 0.1, 0.0001)",4.824872478842735
"(512, 2048, 128, 1, 8193, 2, 0.1, 0.0001)",5.203085194031398
"(512, 2048, 128, 1, 8193, 2, 0.1, 0.0001)",17.465340733528137
"(512, 2048, 128, 1, 8193, 2, 0.1, 0.0001)",6.568862557411194
"(512, 2048, 128, 1, 8193, 4, 0.1, 1e-05)",3.8479291598002114
"(512, 2048, 128, 1, 8193, 4, 0.1, 1e-05)",3.63168303668499
"(512, 2048, 128, 1, 8193, 4, 0.1, 1e-05)",4.534523531794548
"(512, 2048, 128, 1, 8193, 4, 0.1, 1e-05)",2.925187607606252
"(512, 2048, 128, 1, 8193, 4, 0.1, 1e-05)",2.834975987672806
"(512, 2048, 128, 1, 8193, 4, 0.1, 1e-05)",2.88371675213178
"(512, 2048, 128, 1, 8193, 4, 0.1, 1e-05)",2.9475055734316506
"(512, 2048, 128, 1, 8193, 4, 0.1, 1e-05)",3.3171077320973077
"(512, 2048, 128, 1, 8193, 4, 0.1, 1e-05)",2.9175636867682138
"(512, 2048, 128, 1, 8193, 4, 0.1, 1e-05)",2.9650135934352875
"(512, 2048, 128, 1, 8193, 4, 0.1, 0.0001)",4.827809194723765
"(512, 2048, 128, 1, 8193, 4, 0.1, 0.0001)",4.821965545415878
"(512, 2048, 128, 1, 8193, 4, 0.1, 0.0001)",4.82019937535127
"(512, 2048, 128, 1, 8193, 4, 0.1, 0.0001)",4.818681066234906
"(512, 2048, 128, 1, 8193, 4, 0.1, 0.0001)",4.90448538462321
"(512, 2048, 128, 1, 8193, 4, 0.1, 0.0001)",4.95413797100385
"(512, 2048, 128, 1, 8193, 4, 0.1, 0.0001)",4.826344559590022
"(512, 2048, 128, 1, 8193, 4, 0.1, 0.0001)",4.8204537232716875
"(512, 2048, 128, 1, 8193, 4, 0.1, 0.0001)",4.83826540907224
"(512, 2048, 128, 1, 8193, 4, 0.1, 0.0001)",4.842040320237477
"(512, 2048, 128, 2, 8193, 2, 0.1, 1e-05)",4.102085684736569
"(512, 2048, 128, 2, 8193, 2, 0.1, 1e-05)",3.1582247465848923
"(512, 2048, 128, 2, 8193, 2, 0.1, 1e-05)",3.246751129627228
"(512, 2048, 128, 2, 8193, 2, 0.1, 1e-05)",3.5773446361223855
"(512, 2048, 128, 2, 8193, 2, 0.1, 1e-05)",4.878282621502876
"(512, 2048, 128, 2, 8193, 2, 0.1, 1e-05)",6.78355340162913
"(512, 2048, 128, 2, 8193, 2, 0.1, 1e-05)",6.605215152104695
"(512, 2048, 128, 2, 8193, 2, 0.1, 1e-05)",7.9999222954114275
"(512, 2048, 128, 2, 8193, 2, 0.1, 1e-05)",5.764254063367844
"(512, 2048, 128, 2, 8193, 2, 0.1, 1e-05)",7.27827246983846
"(512, 2048, 128, 2, 8193, 2, 0.1, 0.0001)",4.817260379592578
"(512, 2048, 128, 2, 8193, 2, 0.1, 0.0001)",23.374150196711224
"(512, 2048, 128, 2, 8193, 2, 0.1, 0.0001)",7.928555806477864
"(512, 2048, 128, 2, 8193, 2, 0.1, 0.0001)",5.334931651751201
"(512, 2048, 128, 2, 8193, 2, 0.1, 0.0001)",32.300360361735024
"(512, 2048, 128, 2, 8193, 2, 0.1, 0.0001)",6.933189868927002
"(512, 2048, 128, 2, 8193, 2, 0.1, 0.0001)",21.812500556310017
"(512, 2048, 128, 2, 8193, 2, 0.1, 0.0001)",68.99134159088135
"(512, 2048, 128, 2, 8193, 2, 0.1, 0.0001)",144.86578241984049
"(512, 2048, 128, 2, 8193, 2, 0.1, 0.0001)",53.0459688504537
"(512, 2048, 128, 2, 8193, 4, 0.1, 1e-05)",4.227114568154017
"(512, 2048, 128, 2, 8193, 4, 0.1, 1e-05)",3.3958298166592917
"(512, 2048, 128, 2, 8193, 4, 0.1, 1e-05)",3.5317775905132294
"(512, 2048, 128, 2, 8193, 4, 0.1, 1e-05)",5.3906875650087995
"(512, 2048, 128, 2, 8193, 4, 0.1, 1e-05)",4.358299235502879
"(512, 2048, 128, 2, 8193, 4, 0.1, 1e-05)",4.804866229494412
"(512, 2048, 128, 2, 8193, 4, 0.1, 1e-05)",3.5168559700250626
"(512, 2048, 128, 2, 8193, 4, 0.1, 1e-05)",3.386672005057335
"(512, 2048, 128, 2, 8193, 4, 0.1, 1e-05)",3.1294405857721963
"(512, 2048, 128, 2, 8193, 4, 0.1, 1e-05)",2.905132452646891
"(512, 2048, 128, 2, 8193, 4, 0.1, 0.0001)",4.900123581290245
"(512, 2048, 128, 2, 8193, 4, 0.1, 0.0001)",5.012780278921127
"(512, 2048, 128, 2, 8193, 4, 0.1, 0.0001)",4.821170603235562
"(512, 2048, 128, 2, 8193, 4, 0.1, 0.0001)",4.819666653871536
"(512, 2048, 128, 2, 8193, 4, 0.1, 0.0001)",4.819478397568067
"(512, 2048, 128, 2, 8193, 4, 0.1, 0.0001)",4.820072591304779
"(512, 2048, 128, 2, 8193, 4, 0.1, 0.0001)",4.820861702164014
"(512, 2048, 128, 2, 8193, 4, 0.1, 0.0001)",4.8229357451200485
"(512, 2048, 128, 2, 8193, 4, 0.1, 0.0001)",4.822042043010394
"(512, 2048, 128, 2, 8193, 4, 0.1, 0.0001)",4.8227811853090925
"(512, 4096, 64, 1, 8193, 2, 0.1, 1e-05)",3.85520368317763
"(512, 4096, 64, 1, 8193, 2, 0.1, 1e-05)",4.840791622797648
"(512, 4096, 64, 1, 8193, 2, 0.1, 1e-05)",4.840625047683716
"(512, 4096, 64, 1, 8193, 2, 0.1, 1e-05)",4.839337721467018
"(512, 4096, 64, 1, 8193, 2, 0.1, 1e-05)",4.838830212752025
"(512, 4096, 64, 1, 8193, 2, 0.1, 1e-05)",4.838120838006337
"(512, 4096, 64, 1, 8193, 2, 0.1, 1e-05)",4.837349027395248
"(512, 4096, 64, 1, 8193, 2, 0.1, 1e-05)",4.836640035112699
"(512, 4096, 64, 1, 8193, 2, 0.1, 1e-05)",4.835973213116328
"(512, 4096, 64, 1, 8193, 2, 0.1, 1e-05)",4.835334589083989
"(512, 4096, 64, 1, 8193, 2, 0.1, 0.0001)",4.838547428448995
"(512, 4096, 64, 1, 8193, 2, 0.1, 0.0001)",4.83096977074941
"(512, 4096, 64, 1, 8193, 2, 0.1, 0.0001)",4.825237269202868
"(512, 4096, 64, 1, 8193, 2, 0.1, 0.0001)",4.821603740255038
"(512, 4096, 64, 1, 8193, 2, 0.1, 0.0001)",4.866831064224243
"(512, 4096, 64, 1, 8193, 2, 0.1, 0.0001)",214.46985816955566
"(512, 4096, 64, 1, 8193, 2, 0.1, 0.0001)",4.826654985547066
"(512, 4096, 64, 1, 8193, 2, 0.1, 0.0001)",6.941878477732341
"(512, 4096, 64, 1, 8193, 2, 0.1, 0.0001)",5.448051954309146
"(512, 4096, 64, 1, 8193, 2, 0.1, 0.0001)",26.97189102570216
"(512, 4096, 64, 1, 8193, 4, 0.1, 1e-05)",4.761578674117724
"(512, 4096, 64, 1, 8193, 4, 0.1, 1e-05)",4.651079619924228
"(512, 4096, 64, 1, 8193, 4, 0.1, 1e-05)",4.83427520096302
"(512, 4096, 64, 1, 8193, 4, 0.1, 1e-05)",4.833244264125824
"(512, 4096, 64, 1, 8193, 4, 0.1, 1e-05)",4.8321837186813354
"(512, 4096, 64, 1, 8193, 4, 0.1, 1e-05)",4.832209438085556
"(512, 4096, 64, 1, 8193, 4, 0.1, 1e-05)",4.831193859378497
"(512, 4096, 64, 1, 8193, 4, 0.1, 1e-05)",4.831532279650371
"(512, 4096, 64, 1, 8193, 4, 0.1, 1e-05)",4.832590679327647
"(512, 4096, 64, 1, 8193, 4, 0.1, 1e-05)",4.830193479855855
"(512, 4096, 64, 1, 8193, 4, 0.1, 0.0001)",4.83431709309419
"(512, 4096, 64, 1, 8193, 4, 0.1, 0.0001)",4.828351557254791
"(512, 4096, 64, 1, 8193, 4, 0.1, 0.0001)",4.824195479353269
"(512, 4096, 64, 1, 8193, 4, 0.1, 0.0001)",4.8696302374204
"(512, 4096, 64, 1, 8193, 4, 0.1, 0.0001)",4.820860758423805
"(512, 4096, 64, 1, 8193, 4, 0.1, 0.0001)",4.821862195928891
"(512, 4096, 64, 1, 8193, 4, 0.1, 0.0001)",4.8208316167195635
"(512, 4096, 64, 1, 8193, 4, 0.1, 0.0001)",4.81949179371198
"(512, 4096, 64, 1, 8193, 4, 0.1, 0.0001)",4.819499924778938
"(512, 4096, 64, 1, 8193, 4, 0.1, 0.0001)",24.01934556166331
"(512, 4096, 64, 2, 8193, 2, 0.1, 1e-05)",4.964706147710483
"(512, 4096, 64, 2, 8193, 2, 0.1, 1e-05)",4.860666448871295
"(512, 4096, 64, 2, 8193, 2, 0.1, 1e-05)",4.840065851807594
"(512, 4096, 64, 2, 8193, 2, 0.1, 1e-05)",4.838555907209714
"(512, 4096, 64, 2, 8193, 2, 0.1, 1e-05)",4.837381407618523
"(512, 4096, 64, 2, 8193, 2, 0.1, 1e-05)",4.838315457105637
"(512, 4096, 64, 2, 8193, 2, 0.1, 1e-05)",4.83724057674408
"(512, 4096, 64, 2, 8193, 2, 0.1, 1e-05)",4.836380044619243
"(512, 4096, 64, 2, 8193, 2, 0.1, 1e-05)",4.835813572009404
"(512, 4096, 64, 2, 8193, 2, 0.1, 1e-05)",4.835413272182147
"(512, 4096, 64, 2, 8193, 2, 0.1, 0.0001)",4.840267986059189
"(512, 4096, 64, 2, 8193, 2, 0.1, 0.0001)",4.833109791080157
"(512, 4096, 64, 2, 8193, 2, 0.1, 0.0001)",4.829665844639142
"(512, 4096, 64, 2, 8193, 2, 0.1, 0.0001)",5.74983478585879
"(512, 4096, 64, 2, 8193, 2, 0.1, 0.0001)",4.857917000850041
"(512, 4096, 64, 2, 8193, 2, 0.1, 0.0001)",5.909483656287193
"(512, 4096, 64, 2, 8193, 2, 0.1, 0.0001)",17.772942672173183
"(512, 4096, 64, 2, 8193, 2, 0.1, 0.0001)",5.493671953678131
"(512, 4096, 64, 2, 8193, 2, 0.1, 0.0001)",4.8214777906735735
"(512, 4096, 64, 2, 8193, 2, 0.1, 0.0001)",6.963033199310303
"(512, 4096, 64, 2, 8193, 4, 0.1, 1e-05)",4.842340399821599
"(512, 4096, 64, 2, 8193, 4, 0.1, 1e-05)",4.823306615153949
"(512, 4096, 64, 2, 8193, 4, 0.1, 1e-05)",4.841950515906016
"(512, 4096, 64, 2, 8193, 4, 0.1, 1e-05)",4.846210186680158
"(512, 4096, 64, 2, 8193, 4, 0.1, 1e-05)",4.845023150245349
"(512, 4096, 64, 2, 8193, 4, 0.1, 1e-05)",4.8370310217142105
"(512, 4096, 64, 2, 8193, 4, 0.1, 1e-05)",4.7786753078301745
"(512, 4096, 64, 2, 8193, 4, 0.1, 1e-05)",4.8361590305964155
"(512, 4096, 64, 2, 8193, 4, 0.1, 1e-05)",4.837346638242404
"(512, 4096, 64, 2, 8193, 4, 0.1, 1e-05)",4.840205416083336
"(512, 4096, 64, 2, 8193, 4, 0.1, 0.0001)",4.826853334903717
"(512, 4096, 64, 2, 8193, 4, 0.1, 0.0001)",4.823568100730578
"(512, 4096, 64, 2, 8193, 4, 0.1, 0.0001)",7.37391471862793
"(512, 4096, 64, 2, 8193, 4, 0.1, 0.0001)",7.990738312403361
"(512, 4096, 64, 2, 8193, 4, 0.1, 0.0001)",57.297303438186646
"(512, 4096, 64, 2, 8193, 4, 0.1, 0.0001)",9.05772659679254
"(512, 4096, 64, 2, 8193, 4, 0.1, 0.0001)",5.686297883590062
"(512, 4096, 64, 2, 8193, 4, 0.1, 0.0001)",6.055289273460706
"(512, 4096, 64, 2, 8193, 4, 0.1, 0.0001)",5.019470234711965
"(512, 4096, 64, 2, 8193, 4, 0.1, 0.0001)",4.832249437769254
"(512, 4096, 128, 1, 8193, 2, 0.1, 1e-05)",4.01740829149882
"(512, 4096, 128, 1, 8193, 2, 0.1, 1e-05)",4.758839130401611
"(512, 4096, 128, 1, 8193, 2, 0.1, 1e-05)",4.239093308647473
"(512, 4096, 128, 1, 8193, 2, 0.1, 1e-05)",4.831703364849091
"(512, 4096, 128, 1, 8193, 2, 0.1, 1e-05)",4.833155890305837
"(512, 4096, 128, 1, 8193, 2, 0.1, 1e-05)",4.812218755483627
"(512, 4096, 128, 1, 8193, 2, 0.1, 1e-05)",4.830819815397263
"(512, 4096, 128, 1, 8193, 2, 0.1, 1e-05)",4.829355965058009
"(512, 4096, 128, 1, 8193, 2, 0.1, 1e-05)",4.829427977403005
"(512, 4096, 128, 1, 8193, 2, 0.1, 1e-05)",4.82897978524367
"(512, 4096, 128, 1, 8193, 2, 0.1, 0.0001)",4.830005342761676
"(512, 4096, 128, 1, 8193, 2, 0.1, 0.0001)",4.829787542422612
"(512, 4096, 128, 1, 8193, 2, 0.1, 0.0001)",4.906692624092102
"(512, 4096, 128, 1, 8193, 2, 0.1, 0.0001)",6.449433426062266
"(512, 4096, 128, 1, 8193, 2, 0.1, 0.0001)",11.854768315951029
"(512, 4096, 128, 1, 8193, 2, 0.1, 0.0001)",153.32165547211966
"(512, 4096, 128, 1, 8193, 2, 0.1, 0.0001)",261.7915143966675
"(512, 4096, 128, 1, 8193, 2, 0.1, 0.0001)",53.009878635406494
"(512, 4096, 128, 1, 8193, 2, 0.1, 0.0001)",4.8274241636196775
"(512, 4096, 128, 1, 8193, 2, 0.1, 0.0001)",4.82959671318531
"(512, 4096, 128, 1, 8193, 4, 0.1, 1e-05)",3.3399872183799744
"(512, 4096, 128, 1, 8193, 4, 0.1, 1e-05)",2.9106934567292533
"(512, 4096, 128, 1, 8193, 4, 0.1, 1e-05)",4.839932531118393
"(512, 4096, 128, 1, 8193, 4, 0.1, 1e-05)",4.547048608462016
"(512, 4096, 128, 1, 8193, 4, 0.1, 1e-05)",3.997667521238327
"(512, 4096, 128, 1, 8193, 4, 0.1, 1e-05)",4.796385884284973
"(512, 4096, 128, 1, 8193, 4, 0.1, 1e-05)",4.825215424100558
"(512, 4096, 128, 1, 8193, 4, 0.1, 1e-05)",4.769391030073166
"(512, 4096, 128, 1, 8193, 4, 0.1, 1e-05)",4.758061935504277
"(512, 4096, 128, 1, 8193, 4, 0.1, 1e-05)",4.421338190635045
"(512, 4096, 128, 1, 8193, 4, 0.1, 0.0001)",4.827163582046826
"(512, 4096, 128, 1, 8193, 4, 0.1, 0.0001)",4.8241433799266815
"(512, 4096, 128, 1, 8193, 4, 0.1, 0.0001)",4.821363906065623
"(512, 4096, 128, 1, 8193, 4, 0.1, 0.0001)",4.81947507460912
"(512, 4096, 128, 1, 8193, 4, 0.1, 0.0001)",5.000903720657031
"(512, 4096, 128, 1, 8193, 4, 0.1, 0.0001)",11.113545616467794
"(512, 4096, 128, 1, 8193, 4, 0.1, 0.0001)",8.490849951903025
"(512, 4096, 128, 1, 8193, 4, 0.1, 0.0001)",13.082811633745829
"(512, 4096, 128, 1, 8193, 4, 0.1, 0.0001)",5.392918358246486
"(512, 4096, 128, 1, 8193, 4, 0.1, 0.0001)",10.103929201761881
"(512, 4096, 128, 2, 8193, 2, 0.1, 1e-05)",3.3540936956803002
"(512, 4096, 128, 2, 8193, 2, 0.1, 1e-05)",3.3133468131224313
"(512, 4096, 128, 2, 8193, 2, 0.1, 1e-05)",4.788041979074478
"(512, 4096, 128, 2, 8193, 2, 0.1, 1e-05)",4.826046402255694
"(512, 4096, 128, 2, 8193, 2, 0.1, 1e-05)",4.827346737186114
"(512, 4096, 128, 2, 8193, 2, 0.1, 1e-05)",4.8272503316402435
"(512, 4096, 128, 2, 8193, 2, 0.1, 1e-05)",4.82607622941335
"(512, 4096, 128, 2, 8193, 2, 0.1, 1e-05)",4.826315393050511
"(512, 4096, 128, 2, 8193, 2, 0.1, 1e-05)",4.826210305094719
"(512, 4096, 128, 2, 8193, 2, 0.1, 1e-05)",4.825096433361371
"(512, 4096, 128, 2, 8193, 2, 0.1, 0.0001)",6.4263929923375445
"(512, 4096, 128, 2, 8193, 2, 0.1, 0.0001)",4.826394374171893
"(512, 4096, 128, 2, 8193, 2, 0.1, 0.0001)",4.822835028171539
"(512, 4096, 128, 2, 8193, 2, 0.1, 0.0001)",73.49148178100586
"(512, 4096, 128, 2, 8193, 2, 0.1, 0.0001)",22.267390092213947
"(512, 4096, 128, 2, 8193, 2, 0.1, 0.0001)",42.470056434472404
"(512, 4096, 128, 2, 8193, 2, 0.1, 0.0001)",83.45928625265758
"(512, 4096, 128, 2, 8193, 2, 0.1, 0.0001)",12.098138491312662
"(512, 4096, 128, 2, 8193, 2, 0.1, 0.0001)",11.098770678043365
"(512, 4096, 128, 2, 8193, 2, 0.1, 0.0001)",5.564686636130015
"(512, 4096, 128, 2, 8193, 4, 0.1, 1e-05)",3.3325537840525308
"(512, 4096, 128, 2, 8193, 4, 0.1, 1e-05)",4.832523291309674
"(512, 4096, 128, 2, 8193, 4, 0.1, 1e-05)",4.826996584733327
"(512, 4096, 128, 2, 8193, 4, 0.1, 1e-05)",4.8237624168396
"(512, 4096, 128, 2, 8193, 4, 0.1, 1e-05)",4.830433487892151
"(512, 4096, 128, 2, 8193, 4, 0.1, 1e-05)",4.827185794711113
"(512, 4096, 128, 2, 8193, 4, 0.1, 1e-05)",4.826751569906871
"(512, 4096, 128, 2, 8193, 4, 0.1, 1e-05)",4.862656374772389
"(512, 4096, 128, 2, 8193, 4, 0.1, 1e-05)",4.836491381128629
"(512, 4096, 128, 2, 8193, 4, 0.1, 1e-05)",4.826618999242783
"(512, 4096, 128, 2, 8193, 4, 0.1, 0.0001)",4.827056671182315
"(512, 4096, 128, 2, 8193, 4, 0.1, 0.0001)",4.827696993947029
"(512, 4096, 128, 2, 8193, 4, 0.1, 0.0001)",4.818539038300514
"(512, 4096, 128, 2, 8193, 4, 0.1, 0.0001)",4.818011884888013
"(512, 4096, 128, 2, 8193, 4, 0.1, 0.0001)",4.822285721699397
"(512, 4096, 128, 2, 8193, 4, 0.1, 0.0001)",4.857913215955098
"(512, 4096, 128, 2, 8193, 4, 0.1, 0.0001)",5.866957490642865
"(512, 4096, 128, 2, 8193, 4, 0.1, 0.0001)",37.136498848597206
"(512, 4096, 128, 2, 8193, 4, 0.1, 0.0001)",7.836077650388082
"(512, 4096, 128, 2, 8193, 4, 0.1, 0.0001)",5.246011187632878
"(1024, 2048, 64, 1, 8193, 2, 0.1, 1e-05)",4.4020510613918304
"(1024, 2048, 64, 1, 8193, 2, 0.1, 1e-05)",4.019558995962143
"(1024, 2048, 64, 1, 8193, 2, 0.1, 1e-05)",4.854524294535319
"(1024, 2048, 64, 1, 8193, 2, 0.1, 1e-05)",4.754477888345718
"(1024, 2048, 64, 1, 8193, 2, 0.1, 1e-05)",4.843890219926834
"(1024, 2048, 64, 1, 8193, 2, 0.1, 1e-05)",4.917480756839116
"(1024, 2048, 64, 1, 8193, 2, 0.1, 1e-05)",4.8301702837149305
"(1024, 2048, 64, 1, 8193, 2, 0.1, 1e-05)",4.797100186347961
"(1024, 2048, 64, 1, 8193, 2, 0.1, 1e-05)",4.8792712936798734
"(1024, 2048, 64, 1, 8193, 2, 0.1, 1e-05)",4.955217371384303
"(1024, 2048, 64, 1, 8193, 2, 0.1, 0.0001)",4.853641793131828
"(1024, 2048, 64, 1, 8193, 2, 0.1, 0.0001)",4.833624571561813
"(1024, 2048, 64, 1, 8193, 2, 0.1, 0.0001)",4.827353864908218
"(1024, 2048, 64, 1, 8193, 2, 0.1, 0.0001)",6.485283717513084
"(1024, 2048, 64, 1, 8193, 2, 0.1, 0.0001)",7.579367985328038
"(1024, 2048, 64, 1, 8193, 2, 0.1, 0.0001)",5.794628918170929
"(1024, 2048, 64, 1, 8193, 2, 0.1, 0.0001)",4.824006090561549
"(1024, 2048, 64, 1, 8193, 2, 0.1, 0.0001)",4.839590127269427
"(1024, 2048, 64, 1, 8193, 2, 0.1, 0.0001)",4.829940125346184
"(1024, 2048, 64, 1, 8193, 2, 0.1, 0.0001)",4.833327243725459
"(1024, 2048, 64, 1, 8193, 4, 0.1, 1e-05)",4.263999253511429
"(1024, 2048, 64, 1, 8193, 4, 0.1, 1e-05)",4.733674466609955
"(1024, 2048, 64, 1, 8193, 4, 0.1, 1e-05)",4.933278342088063
"(1024, 2048, 64, 1, 8193, 4, 0.1, 1e-05)",4.808495312929153
"(1024, 2048, 64, 1, 8193, 4, 0.1, 1e-05)",4.7081276923418045
"(1024, 2048, 64, 1, 8193, 4, 0.1, 1e-05)",4.735031609733899
"(1024, 2048, 64, 1, 8193, 4, 0.1, 1e-05)",4.813210134704907
"(1024, 2048, 64, 1, 8193, 4, 0.1, 1e-05)",4.831768184900284
"(1024, 2048, 64, 1, 8193, 4, 0.1, 1e-05)",4.832839449246724
"(1024, 2048, 64, 1, 8193, 4, 0.1, 1e-05)",4.832459966341655
"(1024, 2048, 64, 1, 8193, 4, 0.1, 0.0001)",4.828995009263356
"(1024, 2048, 64, 1, 8193, 4, 0.1, 0.0001)",4.823799168070157
"(1024, 2048, 64, 1, 8193, 4, 0.1, 0.0001)",4.820779711008072
"(1024, 2048, 64, 1, 8193, 4, 0.1, 0.0001)",4.835100829601288
"(1024, 2048, 64, 1, 8193, 4, 0.1, 0.0001)",5.037548790375392
"(1024, 2048, 64, 1, 8193, 4, 0.1, 0.0001)",4.829725285371144
"(1024, 2048, 64, 1, 8193, 4, 0.1, 0.0001)",4.820322781801224
"(1024, 2048, 64, 1, 8193, 4, 0.1, 0.0001)",4.821789498130481
"(1024, 2048, 64, 1, 8193, 4, 0.1, 0.0001)",4.823099012176196
"(1024, 2048, 64, 1, 8193, 4, 0.1, 0.0001)",4.823935513695081
"(1024, 2048, 64, 2, 8193, 2, 0.1, 1e-05)",4.618254110217094
"(1024, 2048, 64, 2, 8193, 2, 0.1, 1e-05)",4.772629410028458
"(1024, 2048, 64, 2, 8193, 2, 0.1, 1e-05)",4.788681278626124
"(1024, 2048, 64, 2, 8193, 2, 0.1, 1e-05)",4.79650920132796
"(1024, 2048, 64, 2, 8193, 2, 0.1, 1e-05)",5.400848716497421
"(1024, 2048, 64, 2, 8193, 2, 0.1, 1e-05)",4.837375616033872
"(1024, 2048, 64, 2, 8193, 2, 0.1, 1e-05)",4.836729163924853
"(1024, 2048, 64, 2, 8193, 2, 0.1, 1e-05)",4.837553600470225
"(1024, 2048, 64, 2, 8193, 2, 0.1, 1e-05)",4.8352548480033875
"(1024, 2048, 64, 2, 8193, 2, 0.1, 1e-05)",4.834379856785138
"(1024, 2048, 64, 2, 8193, 2, 0.1, 0.0001)",4.834638928373654
"(1024, 2048, 64, 2, 8193, 2, 0.1, 0.0001)",14.226325646042824
"(1024, 2048, 64, 2, 8193, 2, 0.1, 0.0001)",12.296668291091919
"(1024, 2048, 64, 2, 8193, 2, 0.1, 0.0001)",7.556061883767446
"(1024, 2048, 64, 2, 8193, 2, 0.1, 0.0001)",12.289411356051763
"(1024, 2048, 64, 2, 8193, 2, 0.1, 0.0001)",4.948072637120883
"(1024, 2048, 64, 2, 8193, 2, 0.1, 0.0001)",5.361829489469528
"(1024, 2048, 64, 2, 8193, 2, 0.1, 0.0001)",4.831727921962738
"(1024, 2048, 64, 2, 8193, 2, 0.1, 0.0001)",4.835679545998573
"(1024, 2048, 64, 2, 8193, 2, 0.1, 0.0001)",4.9281980991363525
"(1024, 2048, 64, 2, 8193, 4, 0.1, 1e-05)",3.9091568340857825
"(1024, 2048, 64, 2, 8193, 4, 0.1, 1e-05)",4.838439976175626
"(1024, 2048, 64, 2, 8193, 4, 0.1, 1e-05)",4.834336409966151
"(1024, 2048, 64, 2, 8193, 4, 0.1, 1e-05)",4.824802954991658
"(1024, 2048, 64, 2, 8193, 4, 0.1, 1e-05)",4.831536854306857
"(1024, 2048, 64, 2, 8193, 4, 0.1, 1e-05)",4.828374808033307
"(1024, 2048, 64, 2, 8193, 4, 0.1, 1e-05)",4.064924831191699
"(1024, 2048, 64, 2, 8193, 4, 0.1, 1e-05)",4.871194367607434
"(1024, 2048, 64, 2, 8193, 4, 0.1, 1e-05)",5.221755191683769
"(1024, 2048, 64, 2, 8193, 4, 0.1, 1e-05)",4.1988917489846544
"(1024, 2048, 64, 2, 8193, 4, 0.1, 0.0001)",4.953715364138286
"(1024, 2048, 64, 2, 8193, 4, 0.1, 0.0001)",11.531701803207397
"(1024, 2048, 64, 2, 8193, 4, 0.1, 0.0001)",8.583538889884949
"(1024, 2048, 64, 2, 8193, 4, 0.1, 0.0001)",5.066473498940468
"(1024, 2048, 64, 2, 8193, 4, 0.1, 0.0001)",5.770218253135681
"(1024, 2048, 64, 2, 8193, 4, 0.1, 0.0001)",4.830413828293483
"(1024, 2048, 64, 2, 8193, 4, 0.1, 0.0001)",14.62218870719274
"(1024, 2048, 64, 2, 8193, 4, 0.1, 0.0001)",8.490317046642303
"(1024, 2048, 64, 2, 8193, 4, 0.1, 0.0001)",5.098125616709392
"(1024, 2048, 64, 2, 8193, 4, 0.1, 0.0001)",4.82990658779939
"(1024, 2048, 128, 1, 8193, 2, 0.1, 1e-05)",3.939222201704979
"(1024, 2048, 128, 1, 8193, 2, 0.1, 1e-05)",3.1782187074422836
"(1024, 2048, 128, 1, 8193, 2, 0.1, 1e-05)",2.9367821564277015
"(1024, 2048, 128, 1, 8193, 2, 0.1, 1e-05)",3.853116065263748
"(1024, 2048, 128, 1, 8193, 2, 0.1, 1e-05)",4.8792851070563
"(1024, 2048, 128, 1, 8193, 2, 0.1, 1e-05)",3.73387503127257
"(1024, 2048, 128, 1, 8193, 2, 0.1, 1e-05)",3.388779327273369
"(1024, 2048, 128, 1, 8193, 2, 0.1, 1e-05)",4.253315175573031
"(1024, 2048, 128, 1, 8193, 2, 0.1, 1e-05)",4.627528011798859
"(1024, 2048, 128, 1, 8193, 2, 0.1, 1e-05)",4.628009408712387
"(1024, 2048, 128, 1, 8193, 2, 0.1, 0.0001)",3.0697275201479592
"(1024, 2048, 128, 1, 8193, 2, 0.1, 0.0001)",4.826606055100759
"(1024, 2048, 128, 1, 8193, 2, 0.1, 0.0001)",7.396954516569774
"(1024, 2048, 128, 1, 8193, 2, 0.1, 0.0001)",5.442453632752101
"(1024, 2048, 128, 1, 8193, 2, 0.1, 0.0001)",6.776642829179764
"(1024, 2048, 128, 1, 8193, 2, 0.1, 0.0001)",5.813925971587499
"(1024, 2048, 128, 1, 8193, 2, 0.1, 0.0001)",4.973859126369159
"(1024, 2048, 128, 1, 8193, 2, 0.1, 0.0001)",5.72699290017287
"(1024, 2048, 128, 1, 8193, 2, 0.1, 0.0001)",4.8316392948230105
"(1024, 2048, 128, 1, 8193, 2, 0.1, 0.0001)",4.867745677630107
"(1024, 2048, 128, 1, 8193, 4, 0.1, 1e-05)",4.036499445637067
"(1024, 2048, 128, 1, 8193, 4, 0.1, 1e-05)",3.2282829930384955
"(1024, 2048, 128, 1, 8193, 4, 0.1, 1e-05)",3.023378555973371
"(1024, 2048, 128, 1, 8193, 4, 0.1, 1e-05)",3.4451828598976135
"(1024, 2048, 128, 1, 8193, 4, 0.1, 1e-05)",3.062412738800049
"(1024, 2048, 128, 1, 8193, 4, 0.1, 1e-05)",2.836255818605423
"(1024, 2048, 128, 1, 8193, 4, 0.1, 1e-05)",2.7536678463220596
"(1024, 2048, 128, 1, 8193, 4, 0.1, 1e-05)",3.1052396496136985
"(1024, 2048, 128, 1, 8193, 4, 0.1, 1e-05)",2.758709336320559
"(1024, 2048, 128, 1, 8193, 4, 0.1, 1e-05)",3.055508608619372
"(1024, 2048, 128, 1, 8193, 4, 0.1, 0.0001)",4.795305818319321
"(1024, 2048, 128, 1, 8193, 4, 0.1, 0.0001)",4.823574637373288
"(1024, 2048, 128, 1, 8193, 4, 0.1, 0.0001)",4.8205636988083524
"(1024, 2048, 128, 1, 8193, 4, 0.1, 0.0001)",4.81926188369592
"(1024, 2048, 128, 1, 8193, 4, 0.1, 0.0001)",4.819119989871979
"(1024, 2048, 128, 1, 8193, 4, 0.1, 0.0001)",4.8191056698560715
"(1024, 2048, 128, 1, 8193, 4, 0.1, 0.0001)",4.819365084171295
"(1024, 2048, 128, 1, 8193, 4, 0.1, 0.0001)",5.116656666000684
"(1024, 2048, 128, 1, 8193, 4, 0.1, 0.0001)",4.813049991925557
"(1024, 2048, 128, 1, 8193, 4, 0.1, 0.0001)",5.627671817938487
"(1024, 2048, 128, 2, 8193, 2, 0.1, 1e-05)",4.053696051239967
"(1024, 2048, 128, 2, 8193, 2, 0.1, 1e-05)",3.011095936099688
"(1024, 2048, 128, 2, 8193, 2, 0.1, 1e-05)",4.903118595480919
"(1024, 2048, 128, 2, 8193, 2, 0.1, 1e-05)",4.840731739997864
"(1024, 2048, 128, 2, 8193, 2, 0.1, 1e-05)",4.842096572120984
"(1024, 2048, 128, 2, 8193, 2, 0.1, 1e-05)",4.997148334980011
"(1024, 2048, 128, 2, 8193, 2, 0.1, 1e-05)",4.8816546847422915
"(1024, 2048, 128, 2, 8193, 2, 0.1, 1e-05)",4.859399298826854
"(1024, 2048, 128, 2, 8193, 2, 0.1, 1e-05)",4.865322386225064
"(1024, 2048, 128, 2, 8193, 2, 0.1, 1e-05)",4.831209535400073
"(1024, 2048, 128, 2, 8193, 2, 0.1, 0.0001)",4.828222865859668
"(1024, 2048, 128, 2, 8193, 2, 0.1, 0.0001)",4.823362986246745
"(1024, 2048, 128, 2, 8193, 2, 0.1, 0.0001)",4.824531252185504
"(1024, 2048, 128, 2, 8193, 2, 0.1, 0.0001)",4.882778192559878
"(1024, 2048, 128, 2, 8193, 2, 0.1, 0.0001)",4.825937484701474
"(1024, 2048, 128, 2, 8193, 2, 0.1, 0.0001)",4.869023655851682
"(1024, 2048, 128, 2, 8193, 2, 0.1, 0.0001)",18.060819149017334
"(1024, 2048, 128, 2, 8193, 2, 0.1, 0.0001)",6.39521802465121
"(1024, 2048, 128, 2, 8193, 2, 0.1, 0.0001)",4.847012579441071
"(1024, 2048, 128, 2, 8193, 2, 0.1, 0.0001)",4.907868434985478
"(1024, 2048, 128, 2, 8193, 4, 0.1, 1e-05)",4.293046255906423
"(1024, 2048, 128, 2, 8193, 4, 0.1, 1e-05)",2.990891640384992
"(1024, 2048, 128, 2, 8193, 4, 0.1, 1e-05)",4.762482623259227
"(1024, 2048, 128, 2, 8193, 4, 0.1, 1e-05)",4.673029745618503
"(1024, 2048, 128, 2, 8193, 4, 0.1, 1e-05)",4.690132906039556
"(1024, 2048, 128, 2, 8193, 4, 0.1, 1e-05)",8.078795452912649
"(1024, 2048, 128, 2, 8193, 4, 0.1, 1e-05)",4.73835976421833
"(1024, 2048, 128, 2, 8193, 4, 0.1, 1e-05)",4.7469703902800875
"(1024, 2048, 128, 2, 8193, 4, 0.1, 1e-05)",4.679009705781937
"(1024, 2048, 128, 2, 8193, 4, 0.1, 1e-05)",4.6295778801043825
"(1024, 2048, 128, 2, 8193, 4, 0.1, 0.0001)",4.980558057626088
"(1024, 2048, 128, 2, 8193, 4, 0.1, 0.0001)",5.2170702666044235
"(1024, 2048, 128, 2, 8193, 4, 0.1, 0.0001)",6.483452628056209
"(1024, 2048, 128, 2, 8193, 4, 0.1, 0.0001)",5.033649494250615
"(1024, 2048, 128, 2, 8193, 4, 0.1, 0.0001)",4.819251894950867
"(1024, 2048, 128, 2, 8193, 4, 0.1, 0.0001)",4.818976044654846
"(1024, 2048, 128, 2, 8193, 4, 0.1, 0.0001)",4.819015026092529
"(1024, 2048, 128, 2, 8193, 4, 0.1, 0.0001)",5.922618677218755
"(1024, 2048, 128, 2, 8193, 4, 0.1, 0.0001)",5.924217134714127
"(1024, 2048, 128, 2, 8193, 4, 0.1, 0.0001)",4.821014712254207
"(1024, 4096, 64, 1, 8193, 2, 0.1, 1e-05)",4.823585296670596
"(1024, 4096, 64, 1, 8193, 2, 0.1, 1e-05)",4.848869820435842
"(1024, 4096, 64, 1, 8193, 2, 0.1, 1e-05)",4.849586874246597
"(1024, 4096, 64, 1, 8193, 2, 0.1, 1e-05)",4.845544179280599
"(1024, 4096, 64, 1, 8193, 2, 0.1, 1e-05)",4.842896223068237
"(1024, 4096, 64, 1, 8193, 2, 0.1, 1e-05)",4.8419385353724165
"(1024, 4096, 64, 1, 8193, 2, 0.1, 1e-05)",4.841029038031896
"(1024, 4096, 64, 1, 8193, 2, 0.1, 1e-05)",4.840149367849032
"(1024, 4096, 64, 1, 8193, 2, 0.1, 1e-05)",4.839270293712616
"(1024, 4096, 64, 1, 8193, 2, 0.1, 1e-05)",4.838405400514603
"(1024, 4096, 64, 1, 8193, 2, 0.1, 0.0001)",4.83569394548734
"(1024, 4096, 64, 1, 8193, 2, 0.1, 0.0001)",6.066531081994374
"(1024, 4096, 64, 1, 8193, 2, 0.1, 0.0001)",7.320920765399933
"(1024, 4096, 64, 1, 8193, 2, 0.1, 0.0001)",12.316675305366516
"(1024, 4096, 64, 1, 8193, 2, 0.1, 0.0001)",51.28003254532814
"(1024, 4096, 64, 1, 8193, 2, 0.1, 0.0001)",70.55778694152832
"(1024, 4096, 64, 1, 8193, 2, 0.1, 0.0001)",31.319236516952515
"(1024, 4096, 64, 1, 8193, 2, 0.1, 0.0001)",7.106160193681717
"(1024, 4096, 64, 1, 8193, 2, 0.1, 0.0001)",8.311328733960787
"(1024, 4096, 64, 1, 8193, 2, 0.1, 0.0001)",11.374637325604757
"(1024, 4096, 64, 1, 8193, 4, 0.1, 1e-05)",4.749601473410924
"(1024, 4096, 64, 1, 8193, 4, 0.1, 1e-05)",4.849447985490163
"(1024, 4096, 64, 1, 8193, 4, 0.1, 1e-05)",4.529757807652156
"(1024, 4096, 64, 1, 8193, 4, 0.1, 1e-05)",4.846570268273354
"(1024, 4096, 64, 1, 8193, 4, 0.1, 1e-05)",4.843703851103783
"(1024, 4096, 64, 1, 8193, 4, 0.1, 1e-05)",4.844574173291524
"(1024, 4096, 64, 1, 8193, 4, 0.1, 1e-05)",4.844374731183052
"(1024, 4096, 64, 1, 8193, 4, 0.1, 1e-05)",4.843466013669968
"(1024, 4096, 64, 1, 8193, 4, 0.1, 1e-05)",4.842618376016617
"(1024, 4096, 64, 1, 8193, 4, 0.1, 1e-05)",4.841774781545003
"(1024, 4096, 64, 1, 8193, 4, 0.1, 0.0001)",4.848845988512039
"(1024, 4096, 64, 1, 8193, 4, 0.1, 0.0001)",6.506715168555577
"(1024, 4096, 64, 1, 8193, 4, 0.1, 0.0001)",4.950591042637825
"(1024, 4096, 64, 1, 8193, 4, 0.1, 0.0001)",4.861782769362132
"(1024, 4096, 64, 1, 8193, 4, 0.1, 0.0001)",4.823968971769015
"(1024, 4096, 64, 1, 8193, 4, 0.1, 0.0001)",4.852297117312749
"(1024, 4096, 64, 1, 8193, 4, 0.1, 0.0001)",4.822967618703842
"(1024, 4096, 64, 1, 8193, 4, 0.1, 0.0001)",4.826038380463918
"(1024, 4096, 64, 1, 8193, 4, 0.1, 0.0001)",4.83194983502229
"(1024, 4096, 64, 1, 8193, 4, 0.1, 0.0001)",4.826587041219075
"(1024, 4096, 64, 2, 8193, 2, 0.1, 1e-05)",4.841333657503128
"(1024, 4096, 64, 2, 8193, 2, 0.1, 1e-05)",4.841094707449277
"(1024, 4096, 64, 2, 8193, 2, 0.1, 1e-05)",4.839873696366946
"(1024, 4096, 64, 2, 8193, 2, 0.1, 1e-05)",4.839186653494835
"(1024, 4096, 64, 2, 8193, 2, 0.1, 1e-05)",4.838296448191007
"(1024, 4096, 64, 2, 8193, 2, 0.1, 1e-05)",4.837446808815002
"(1024, 4096, 64, 2, 8193, 2, 0.1, 1e-05)",4.837058782577515
"(1024, 4096, 64, 2, 8193, 2, 0.1, 1e-05)",4.8358263820409775
"(1024, 4096, 64, 2, 8193, 2, 0.1, 1e-05)",4.835043380657832
"(1024, 4096, 64, 2, 8193, 2, 0.1, 1e-05)",5.124031772216161
"(1024, 4096, 64, 2, 8193, 2, 0.1, 0.0001)",4.83794608215491
"(1024, 4096, 64, 2, 8193, 2, 0.1, 0.0001)",4.830665826797485
"(1024, 4096, 64, 2, 8193, 2, 0.1, 0.0001)",4.8256227523088455
"(1024, 4096, 64, 2, 8193, 2, 0.1, 0.0001)",78.23247756560643
"(1024, 4096, 64, 2, 8193, 2, 0.1, 0.0001)",38.76748816172282
"(1024, 4096, 64, 2, 8193, 2, 0.1, 0.0001)",162.97865708669028
"(1024, 4096, 64, 2, 8193, 2, 0.1, 0.0001)",54.56954606374105
"(1024, 4096, 64, 2, 8193, 2, 0.1, 0.0001)",143.1321563720703
"(1024, 4096, 64, 2, 8193, 2, 0.1, 0.0001)",74.25650644302368
"(1024, 4096, 64, 2, 8193, 2, 0.1, 0.0001)",5.962170238296191
"(1024, 4096, 64, 2, 8193, 4, 0.1, 1e-05)",4.799679651856422
"(1024, 4096, 64, 2, 8193, 4, 0.1, 1e-05)",4.838044241070747
"(1024, 4096, 64, 2, 8193, 4, 0.1, 1e-05)",4.818789790074031
"(1024, 4096, 64, 2, 8193, 4, 0.1, 1e-05)",4.837142005562782
"(1024, 4096, 64, 2, 8193, 4, 0.1, 1e-05)",4.837179770072301
"(1024, 4096, 64, 2, 8193, 4, 0.1, 1e-05)",4.835310518741608
"(1024, 4096, 64, 2, 8193, 4, 0.1, 1e-05)",4.834672873218854
"(1024, 4096, 64, 2, 8193, 4, 0.1, 1e-05)",4.833994617064794
"(1024, 4096, 64, 2, 8193, 4, 0.1, 1e-05)",4.833299358685811
"(1024, 4096, 64, 2, 8193, 4, 0.1, 1e-05)",4.832630276679993
"(1024, 4096, 64, 2, 8193, 4, 0.1, 0.0001)",4.83492186665535
"(1024, 4096, 64, 2, 8193, 4, 0.1, 0.0001)",4.828684940934181
"(1024, 4096, 64, 2, 8193, 4, 0.1, 0.0001)",4.824186871449153
"(1024, 4096, 64, 2, 8193, 4, 0.1, 0.0001)",4.825770383079846
"(1024, 4096, 64, 2, 8193, 4, 0.1, 0.0001)",4.820173030098279
"(1024, 4096, 64, 2, 8193, 4, 0.1, 0.0001)",4.819814403851827
"(1024, 4096, 64, 2, 8193, 4, 0.1, 0.0001)",4.820317635933558
"(1024, 4096, 64, 2, 8193, 4, 0.1, 0.0001)",4.821930979688962
"(1024, 4096, 64, 2, 8193, 4, 0.1, 0.0001)",4.821265960733096
"(1024, 4096, 64, 2, 8193, 4, 0.1, 0.0001)",4.826099852720897
"(1024, 4096, 128, 1, 8193, 2, 0.1, 1e-05)",4.788258532683055
"(1024, 4096, 128, 1, 8193, 2, 0.1, 1e-05)",4.335879425207774
"(1024, 4096, 128, 1, 8193, 2, 0.1, 1e-05)",3.6950804044802985
"(1024, 4096, 128, 1, 8193, 2, 0.1, 1e-05)",3.249046196540197
"(1024, 4096, 128, 1, 8193, 2, 0.1, 1e-05)",3.464797447125117
"(1024, 4096, 128, 1, 8193, 2, 0.1, 1e-05)",3.9210214217503867
"(1024, 4096, 128, 1, 8193, 2, 0.1, 1e-05)",3.38336772720019
"(1024, 4096, 128, 1, 8193, 2, 0.1, 1e-05)",4.068087592720985
"(1024, 4096, 128, 1, 8193, 2, 0.1, 1e-05)",3.842829242348671
"(1024, 4096, 128, 1, 8193, 2, 0.1, 1e-05)",3.7757106175025306
"(1024, 4096, 128, 1, 8193, 2, 0.1, 0.0001)",4.82583545645078
"(1024, 4096, 128, 1, 8193, 2, 0.1, 0.0001)",4.822880769769351
"(1024, 4096, 128, 1, 8193, 2, 0.1, 0.0001)",6.644107868274053
"(1024, 4096, 128, 1, 8193, 2, 0.1, 0.0001)",24.863001883029938
"(1024, 4096, 128, 1, 8193, 2, 0.1, 0.0001)",6.63585505882899
"(1024, 4096, 128, 1, 8193, 2, 0.1, 0.0001)",7.126861919959386
"(1024, 4096, 128, 1, 8193, 2, 0.1, 0.0001)",4.841443985700607
"(1024, 4096, 128, 1, 8193, 2, 0.1, 0.0001)",4.830506746967633
"(1024, 4096, 128, 1, 8193, 2, 0.1, 0.0001)",4.83516193429629
"(1024, 4096, 128, 1, 8193, 2, 0.1, 0.0001)",4.839740738272667
"(1024, 4096, 128, 1, 8193, 4, 0.1, 1e-05)",4.4418768386046095
"(1024, 4096, 128, 1, 8193, 4, 0.1, 1e-05)",3.121806119879087
"(1024, 4096, 128, 1, 8193, 4, 0.1, 1e-05)",2.895257050792376
"(1024, 4096, 128, 1, 8193, 4, 0.1, 1e-05)",2.9017084687948227
"(1024, 4096, 128, 1, 8193, 4, 0.1, 1e-05)",4.645737588405609
"(1024, 4096, 128, 1, 8193, 4, 0.1, 1e-05)",4.16000239054362
"(1024, 4096, 128, 1, 8193, 4, 0.1, 1e-05)",4.307512601216634
"(1024, 4096, 128, 1, 8193, 4, 0.1, 1e-05)",3.6639576305945716
"(1024, 4096, 128, 1, 8193, 4, 0.1, 1e-05)",3.1672277649243674
"(1024, 4096, 128, 1, 8193, 4, 0.1, 1e-05)",3.052050232887268
"(1024, 4096, 128, 1, 8193, 4, 0.1, 0.0001)",4.825967381397883
"(1024, 4096, 128, 1, 8193, 4, 0.1, 0.0001)",4.824919650952022
"(1024, 4096, 128, 1, 8193, 4, 0.1, 0.0001)",4.819762994845708
"(1024, 4096, 128, 1, 8193, 4, 0.1, 0.0001)",4.986955056587855
"(1024, 4096, 128, 1, 8193, 4, 0.1, 0.0001)",4.994852185249329
"(1024, 4096, 128, 1, 8193, 4, 0.1, 0.0001)",4.994384204347928
"(1024, 4096, 128, 1, 8193, 4, 0.1, 0.0001)",4.820332919557889
"(1024, 4096, 128, 1, 8193, 4, 0.1, 0.0001)",4.82061393558979
"(1024, 4096, 128, 1, 8193, 4, 0.1, 0.0001)",4.8208833038806915
"(1024, 4096, 128, 1, 8193, 4, 0.1, 0.0001)",4.8211609820524854
"(1024, 4096, 128, 2, 8193, 2, 0.1, 1e-05)",4.839080144961675
"(1024, 4096, 128, 2, 8193, 2, 0.1, 1e-05)",4.821720739205678
"(1024, 4096, 128, 2, 8193, 2, 0.1, 1e-05)",4.912712613741557
"(1024, 4096, 128, 2, 8193, 2, 0.1, 1e-05)",4.830412079890569
"(1024, 4096, 128, 2, 8193, 2, 0.1, 1e-05)",7.362366080284119
"(1024, 4096, 128, 2, 8193, 2, 0.1, 1e-05)",4.856708576281865
"(1024, 4096, 128, 2, 8193, 2, 0.1, 1e-05)",4.894780486822128
"(1024, 4096, 128, 2, 8193, 2, 0.1, 1e-05)",4.8297142287095385
"(1024, 4096, 128, 2, 8193, 2, 0.1, 1e-05)",4.974984506766002
"(1024, 4096, 128, 2, 8193, 2, 0.1, 1e-05)",4.8242664486169815
"(1024, 4096, 128, 2, 8193, 2, 0.1, 0.0001)",4.827545841534932
"(1024, 4096, 128, 2, 8193, 2, 0.1, 0.0001)",4.823107053836186
"(1024, 4096, 128, 2, 8193, 2, 0.1, 0.0001)",5.209967906276385
"(1024, 4096, 128, 2, 8193, 2, 0.1, 0.0001)",5.00283216436704
"(1024, 4096, 128, 2, 8193, 2, 0.1, 0.0001)",9.29359319806099
"(1024, 4096, 128, 2, 8193, 2, 0.1, 0.0001)",5.460598225394885
"(1024, 4096, 128, 2, 8193, 2, 0.1, 0.0001)",4.822089756528537
"(1024, 4096, 128, 2, 8193, 2, 0.1, 0.0001)",4.823272118965785
"(1024, 4096, 128, 2, 8193, 2, 0.1, 0.0001)",4.825758313139279
"(1024, 4096, 128, 2, 8193, 2, 0.1, 0.0001)",4.82848575214545
"(1024, 4096, 128, 2, 8193, 4, 0.1, 1e-05)",4.7580089420080185
"(1024, 4096, 128, 2, 8193, 4, 0.1, 1e-05)",4.784116407235463
"(1024, 4096, 128, 2, 8193, 4, 0.1, 1e-05)",4.0944677790006
"(1024, 4096, 128, 2, 8193, 4, 0.1, 1e-05)",4.826817512512207
"(1024, 4096, 128, 2, 8193, 4, 0.1, 1e-05)",6.570532411336899
"(1024, 4096, 128, 2, 8193, 4, 0.1, 1e-05)",9.81200114885966
"(1024, 4096, 128, 2, 8193, 4, 0.1, 1e-05)",18.863434433937073
"(1024, 4096, 128, 2, 8193, 4, 0.1, 1e-05)",15.98501749833425
"(1024, 4096, 128, 2, 8193, 4, 0.1, 1e-05)",10.670980433622995
"(1024, 4096, 128, 2, 8193, 4, 0.1, 1e-05)",9.472221970558167
"(1024, 4096, 128, 2, 8193, 4, 0.1, 0.0001)",5.76947283744812
"(1024, 4096, 128, 2, 8193, 4, 0.1, 0.0001)",4.980540961027145
"(1024, 4096, 128, 2, 8193, 4, 0.1, 0.0001)",4.8245454380909605
"(1024, 4096, 128, 2, 8193, 4, 0.1, 0.0001)",4.822749252120654
"(1024, 4096, 128, 2, 8193, 4, 0.1, 0.0001)",4.908600896596909
"(1024, 4096, 128, 2, 8193, 4, 0.1, 0.0001)",4.8209764411052065
"(1024, 4096, 128, 2, 8193, 4, 0.1, 0.0001)",5.541997333367665
"(1024, 4096, 128, 2, 8193, 4, 0.1, 0.0001)",4.8214036623636884
"(1024, 4096, 128, 2, 8193, 4, 0.1, 0.0001)",4.830378125111262
"(1024, 4096, 128, 2, 8193, 4, 0.1, 0.0001)",4.857728357116382
